{"cameraMode":{"drawMode":0,"name":"Shaded","section":"Shading Mode"},"sceneLighting":false,"audioPlay":false,"sceneViewState":{"m_AlwaysRefresh":false,"showFog":true,"showSkybox":false,"showFlares":true,"showImageEffects":true,"showParticleSystems":true,"showVisualEffectGraphs":true,"m_FxEnabled":false},"in2DMode":false,"pivot":{"x":1.530214548110962,"y":0.3380577564239502,"z":-8.555373191833496},"rotation":{"x":-0.0007561372476629913,"y":-0.991879403591156,"z":0.12745614349842072,"w":-0.005954459775239229},"size":7.071067810058594,"orthographic":false}