{"cameraMode":{"drawMode":0,"name":"Shaded","section":"Shading Mode"},"sceneLighting":false,"audioPlay":false,"sceneViewState":{"m_AlwaysRefresh":false,"showFog":true,"showSkybox":false,"showFlares":true,"showImageEffects":true,"showParticleSystems":true,"showVisualEffectGraphs":true,"m_FxEnabled":false},"in2DMode":false,"pivot":{"x":-3.7983779907226564,"y":3.9568042755126955,"z":2.2713639736175539},"rotation":{"x":0.006930733565241098,"y":-0.6348079442977905,"z":-0.005745879840105772,"w":-0.7729368209838867},"size":1.5200798511505128,"orthographic":false}